{
    "foreground_intensity_properties_per_channel": {
        "0": {
            "max": 6881.85498046875,
            "mean": 498.79595947265625,
            "median": 361.31549072265625,
            "min": 0.0,
            "percentile_00_5": 12.815895080566406,
            "percentile_99_5": 2065.538332519529,
            "std": 418.1776123046875
        }
    },
    "median_relative_size_after_cropping": 0.984375,
    "shapes_after_crop": [
        [
            76,
            1210,
            1399
        ],
        [
            51,
            1498,
            1833
        ],
        [
            40,
            512,
            511
        ],
        [
            44,
            193,
            256
        ],
        [
            44,
            193,
            256
        ],
        [
            50,
            153,
            256
        ],
        [
            54,
            512,
            504
        ],
        [
            24,
            180,
            256
        ],
        [
            40,
            408,
            456
        ],
        [
            63,
            512,
            504
        ],
        [
            42,
            382,
            504
        ],
        [
            42,
            512,
            504
        ],
        [
            32,
            512,
            505
        ],
        [
            69,
            225,
            256
        ],
        [
            48,
            256,
            256
        ],
        [
            343,
            229,
            230
        ],
        [
            131,
            256,
            260
        ],
        [
            505,
            266,
            210
        ],
        [
            156,
            179,
            157
        ],
        [
            435,
            250,
            250
        ],
        [
            161,
            240,
            240
        ],
        [
            435,
            250,
            250
        ],
        [
            175,
            200,
            200
        ],
        [
            246,
            200,
            200
        ],
        [
            470,
            320,
            236
        ],
        [
            435,
            250,
            250
        ],
        [
            329,
            260,
            260
        ],
        [
            477,
            250,
            250
        ],
        [
            211,
            256,
            260
        ],
        [
            163,
            227,
            225
        ],
        [
            36,
            320,
            316
        ],
        [
            35,
            264,
            511
        ],
        [
            40,
            255,
            238
        ],
        [
            260,
            355,
            284
        ],
        [
            356,
            197,
            200
        ],
        [
            365,
            443,
            378
        ],
        [
            244,
            199,
            200
        ],
        [
            330,
            240,
            240
        ],
        [
            435,
            250,
            250
        ],
        [
            271,
            240,
            240
        ],
        [
            428,
            260,
            239
        ],
        [
            176,
            217,
            220
        ],
        [
            341,
            250,
            250
        ],
        [
            341,
            250,
            250
        ],
        [
            426,
            231,
            250
        ],
        [
            329,
            250,
            250
        ],
        [
            221,
            240,
            227
        ],
        [
            435,
            250,
            250
        ],
        [
            386,
            276,
            280
        ],
        [
            264,
            250,
            237
        ]
    ],
    "spacings": [
        [
            1.0,
            0.17638888955116272,
            0.17638888955116272
        ],
        [
            1.0,
            0.17638888955116272,
            0.17638888955116272
        ],
        [
            5.199999809265137,
            0.390625,
            0.390625
        ],
        [
            7.000000476837158,
            1.6406400203704834,
            1.6406199932098389
        ],
        [
            7.000000476837158,
            1.6406400203704834,
            1.6406199932098389
        ],
        [
            6.999998092651367,
            1.4844000339508057,
            1.4844000339508057
        ],
        [
            6.99999475479126,
            0.46880000829696655,
            0.46880000829696655
        ],
        [
            6.000002861022949,
            0.9375,
            0.9375
        ],
        [
            7.000007629394531,
            0.6445000171661377,
            0.6445000171661377
        ],
        [
            9.000008583068848,
            0.5468999743461609,
            0.5468999743461609
        ],
        [
            6.999998092651367,
            0.8202999830245972,
            0.8202999830245972
        ],
        [
            5.999997615814209,
            0.46880000829696655,
            0.46880000829696655
        ],
        [
            8.0,
            0.3905999958515167,
            0.3905999958515167
        ],
        [
            6.000006198883057,
            1.6406199932098389,
            1.6406400203704834
        ],
        [
            6.000005722045898,
            0.703125,
            0.703125
        ],
        [
            1.0,
            1.0,
            1.0
        ],
        [
            1.0,
            1.0,
            1.0
        ],
        [
            1.0,
            1.0,
            1.0
        ],
        [
            1.0,
            1.0,
            1.0
        ],
        [
            1.0,
            1.0,
            1.0
        ],
        [
            1.0,
            1.0,
            1.0
        ],
        [
            1.0,
            1.0,
            1.0
        ],
        [
            1.0,
            1.0,
            1.0
        ],
        [
            1.0,
            1.0,
            1.0
        ],
        [
            1.0,
            1.0,
            1.0
        ],
        [
            1.0,
            1.0,
            1.0
        ],
        [
            1.0,
            1.0,
            1.0
        ],
        [
            1.0,
            1.0,
            1.0
        ],
        [
            1.0,
            1.0,
            1.0
        ],
        [
            1.0,
            1.0,
            1.0
        ],
        [
            4.400001525878906,
            0.625,
            0.625
        ],
        [
            12.0,
            0.87890625,
            0.87890625
        ],
        [
            6.599998474121094,
            1.25,
            1.25
        ],
        [
            1.0,
            1.0,
            1.0
        ],
        [
            1.0,
            1.0,
            1.0
        ],
        [
            1.0,
            1.0,
            1.0
        ],
        [
            1.0,
            1.0,
            1.0
        ],
        [
            1.0,
            1.0,
            1.0
        ],
        [
            1.0,
            1.0,
            1.0
        ],
        [
            1.0,
            1.0,
            1.0
        ],
        [
            1.0,
            1.0,
            1.0
        ],
        [
            1.0,
            1.0,
            1.0
        ],
        [
            1.0,
            1.0,
            1.0
        ],
        [
            1.0,
            1.0,
            1.0
        ],
        [
            1.0,
            1.0,
            1.0
        ],
        [
            1.0,
            1.0,
            1.0
        ],
        [
            1.0,
            1.0,
            1.0
        ],
        [
            1.0,
            1.0,
